Chemical Location (Inventory),Chemical Location Confidential - EPCRA,Is Trade Secret?,Tenant ID,Facility Id,Chemical Id,Data Sheet URL
Parts Deparment,Not Applicable,Not Applicable,018fec99-8a8f-4b02-921d-421a8792f4e9,b7f953ef-a8cb-4ba5-a173-88a44b144343,33abc16e-2ce1-4710-a9fe-31cac6614997,https://cdn.complyauto.com/safety/shared/safetyDataSheet/e446cc6d-d4ef-4799-a95b-e3b022c7f250.pdf
wash bay out back by lube rack, also rack 45 stall, rack 4 is the 3rd one  ,Not Applicable,Not Applicable,018fec99-8a8f-4b02-921d-421a8792f4e9,b7f953ef-a8cb-4ba5-a173-88a44b144343,15716fe4-c33a-427c-b06e-0a4266bc6790,https://cdn.complyauto.com/safety/shared/safetyDataSheet/fcb789a3-e1e8-48d6-8648-eaa6390ed351.pdf
under ground by gas pump and wash area ,no,Not Applicable,018fec99-8a8f-4b02-921d-421a8792f4e9,b7f953ef-a8cb-4ba5-a173-88a44b144343,7cda1d83-bf3b-4bf7-a12f-5826e9733656,https://cdn.complyauto.com/safety/shared/safetyDataSheet/2cc36890-a4e4-4f0b-88ea-a171d4d13cad.pdf
5 GALLON BOTTLES LOCATED IN TUNE DEPT RACK 48 RACK 49,Not Applicable,Not Applicable,018fec99-8a8f-4b02-921d-421a8792f4e9,b7f953ef-a8cb-4ba5-a173-88a44b144343,8d5c46bd-be76-4762-a188-7ea3d72c2f2a,https://s3.us-east-1.amazonaws.com/storage.complyauto.com/safety/018fec99-8a8f-4b02-921d-421a8792f4e9/safetyDataSheets/a8c1e2d7-30c8-43c3-9219-bc72aae63490.pdf?X-Amz-Algorithm=AWS4-HMAC-SHA256&X-Amz-Content-Sha256=UNSIGNED-PAYLOAD&X-Amz-Credential=AKIA45VTHIYLIIVESHIB%2F20240225%2Fus-east-1%2Fs3%2Faws4_request&X-Amz-Date=20240225T205250Z&X-Amz-Expires=604800&X-Amz-Signature=b8e9f03b6a6ee6ea013dbae6aba75582001ede3711fab5c3b4c6517870240646&X-Amz-SignedHeaders=host&x-id=GetObject
parts dept ,Not Applicable,Not Applicable,018fec99-8a8f-4b02-921d-421a8792f4e9,b7f953ef-a8cb-4ba5-a173-88a44b144343,8f2b73d7-313a-4cce-a150-976ef9a1e039,https://cdn.complyauto.com/safety/shared/safetyDataSheet/326d23a1-6741-4f12-996c-f81c06be21c9.pdf
bulk and bottle ,Not Applicable,Not Applicable,018fec99-8a8f-4b02-921d-421a8792f4e9,b7f953ef-a8cb-4ba5-a173-88a44b144343,3b682e85-4991-4457-ae42-b79c4e028b01,https://cdn.complyauto.com/safety/shared/safetyDataSheet/e6c43ed8-4531-474e-ad8b-d0da2aa2b8bd.pdf
Parts dept,no,Not Applicable,018fec99-8a8f-4b02-921d-421a8792f4e9,b7f953ef-a8cb-4ba5-a173-88a44b144343,84dce56c-ceb9-464f-a361-88606fea9dff,https://cdn.complyauto.com/safety/shared/safetyDataSheet/e1d07703-28f9-4a4c-807c-8796906671d4.pdf
Parts dept,Not Applicable,Not Applicable,018fec99-8a8f-4b02-921d-421a8792f4e9,b7f953ef-a8cb-4ba5-a173-88a44b144343,dc9a8c26-d27a-4d4c-bdec-c072233acaf7,https://s3.us-east-1.amazonaws.com/storage.complyauto.com/safety/018fec99-8a8f-4b02-921d-421a8792f4e9/safetyDataSheets/4c8a5670-42e3-4eec-bebf-c6224913747e.pdf?X-Amz-Algorithm=AWS4-HMAC-SHA256&X-Amz-Content-Sha256=UNSIGNED-PAYLOAD&X-Amz-Credential=AKIA45VTHIYLIIVESHIB%2F20240225%2Fus-east-1%2Fs3%2Faws4_request&X-Amz-Date=20240225T205250Z&X-Amz-Expires=604800&X-Amz-Signature=716d8a77d6ba431cf827ef960e7e4e96f37f1d62004fe35f13f9eb6b9e2828b1&X-Amz-SignedHeaders=host&x-id=GetObject
Parts dept,Not Applicable,Not Applicable,018fec99-8a8f-4b02-921d-421a8792f4e9,b7f953ef-a8cb-4ba5-a173-88a44b144343,9cc6e163-6f47-43e1-92c9-d0bf4d81a808,https://s3.us-east-1.amazonaws.com/storage.complyauto.com/safety/018fec99-8a8f-4b02-921d-421a8792f4e9/safetyDataSheets/9d734f03-de6d-4792-96f7-ea2cfb970455.pdf?X-Amz-Algorithm=AWS4-HMAC-SHA256&X-Amz-Content-Sha256=UNSIGNED-PAYLOAD&X-Amz-Credential=AKIA45VTHIYLIIVESHIB%2F20240225%2Fus-east-1%2Fs3%2Faws4_request&X-Amz-Date=20240225T205250Z&X-Amz-Expires=604800&X-Amz-Signature=a0a2d0d0d44996bba42ca43723aad94c0e618236a2736291cb9e07f3e3fedf39&X-Amz-SignedHeaders=host&x-id=GetObject
Parts dept,Not Applicable,Not Applicable,018fec99-8a8f-4b02-921d-421a8792f4e9,b7f953ef-a8cb-4ba5-a173-88a44b144343,9c0caa06-c0a3-4adf-8401-711fe63a7fb6,https://s3.us-east-1.amazonaws.com/storage.complyauto.com/safety/018fec99-8a8f-4b02-921d-421a8792f4e9/safetyDataSheets/2c5e241e-c036-45f3-b5c2-cc4a388c1629.pdf?X-Amz-Algorithm=AWS4-HMAC-SHA256&X-Amz-Content-Sha256=UNSIGNED-PAYLOAD&X-Amz-Credential=AKIA45VTHIYLIIVESHIB%2F20240225%2Fus-east-1%2Fs3%2Faws4_request&X-Amz-Date=20240225T205250Z&X-Amz-Expires=604800&X-Amz-Signature=8d4330f9c0671fe1a341c6b1841a5bf49fc3e6d7e681ff904c1dcf6a6c02bb35&X-Amz-SignedHeaders=host&x-id=GetObject
Parts dept,Not Applicable,Not Applicable,018fec99-8a8f-4b02-921d-421a8792f4e9,b7f953ef-a8cb-4ba5-a173-88a44b144343,b3f31f40-5ea3-4740-8339-0f48d890d9c6,https://s3.us-east-1.amazonaws.com/storage.complyauto.com/safety/018fec99-8a8f-4b02-921d-421a8792f4e9/safetyDataSheets/5a621863-8546-450c-98f7-dbfe4f5dda2b.pdf?X-Amz-Algorithm=AWS4-HMAC-SHA256&X-Amz-Content-Sha256=UNSIGNED-PAYLOAD&X-Amz-Credential=AKIA45VTHIYLIIVESHIB%2F20240225%2Fus-east-1%2Fs3%2Faws4_request&X-Amz-Date=20240225T205250Z&X-Amz-Expires=604800&X-Amz-Signature=de5488dc3cda5358754bcbc48512e3cab7bc79121dc3177bd6cb0677683c780f&X-Amz-SignedHeaders=host&x-id=GetObject
Parts dept,Not Applicable,Not Applicable,018fec99-8a8f-4b02-921d-421a8792f4e9,b7f953ef-a8cb-4ba5-a173-88a44b144343,b8390012-0c53-4bac-b09f-929cdde132ae,https://s3.us-east-1.amazonaws.com/storage.complyauto.com/safety/018fec99-8a8f-4b02-921d-421a8792f4e9/safetyDataSheets/c6256c85-9c0a-42f5-855e-cf97db911454.pdf?X-Amz-Algorithm=AWS4-HMAC-SHA256&X-Amz-Content-Sha256=UNSIGNED-PAYLOAD&X-Amz-Credential=AKIA45VTHIYLIIVESHIB%2F20240225%2Fus-east-1%2Fs3%2Faws4_request&X-Amz-Date=20240225T205250Z&X-Amz-Expires=604800&X-Amz-Signature=2e7e45806682ee73436227708d583caa78506f9075667af9697c059889a2a89b&X-Amz-SignedHeaders=host&x-id=GetObject
Parts dept/bulk tank,Not Applicable,Not Applicable,018fec99-8a8f-4b02-921d-421a8792f4e9,b7f953ef-a8cb-4ba5-a173-88a44b144343,7d5e6bd8-1e01-451b-96bd-774214b5a988,https://cdn.complyauto.com/safety/shared/safetyDataSheet/cdb326a4-5305-48c9-85a1-7328e947b8c0.pdf
Forklift,Not Applicable,Not Applicable,018fec99-8a8f-4b02-921d-421a8792f4e9,b7f953ef-a8cb-4ba5-a173-88a44b144343,1e6b8217-2f35-4bef-a3a6-c2e06b121401,https://cdn.complyauto.com/safety/shared/safetyDataSheet/e06d2759-268d-46ea-870f-f9c1ad2c9e8a.pdf
Parts dept,Not Applicable,Not Applicable,018fec99-8a8f-4b02-921d-421a8792f4e9,b7f953ef-a8cb-4ba5-a173-88a44b144343,0d98506c-9696-446c-9522-07b86998f5dd,https://cdn.complyauto.com/safety/shared/safetyDataSheet/045889f1-622a-44ec-899c-89517434afac.pdf
Parts dept,Not Applicable,Not Applicable,018fec99-8a8f-4b02-921d-421a8792f4e9,b7f953ef-a8cb-4ba5-a173-88a44b144343,51d99512-57d2-4321-889a-f3756d85c682,https://cdn.complyauto.com/safety/shared/safetyDataSheet/dfd3733d-3710-4d3a-ad71-d9a8144422b5.pdf
Parts dept,Not Applicable,Not Applicable,018fec99-8a8f-4b02-921d-421a8792f4e9,b7f953ef-a8cb-4ba5-a173-88a44b144343,4d231800-b005-4ea8-9ec0-6a0a1110fde5,https://cdn.complyauto.com/safety/shared/safetyDataSheet/473fffa6-500b-49bc-bd39-3829d318f520.pdf
Parts dept,Not Applicable,Not Applicable,018fec99-8a8f-4b02-921d-421a8792f4e9,b7f953ef-a8cb-4ba5-a173-88a44b144343,cc9b6ac5-ca41-4a29-8107-e8b7dbf278c9,https://s3.us-east-1.amazonaws.com/storage.complyauto.com/safety/018fec99-8a8f-4b02-921d-421a8792f4e9/safetyDataSheets/091d074e-4c1b-4a16-9ec3-8a6c88a2a33d.pdf?X-Amz-Algorithm=AWS4-HMAC-SHA256&X-Amz-Content-Sha256=UNSIGNED-PAYLOAD&X-Amz-Credential=AKIA45VTHIYLIIVESHIB%2F20240225%2Fus-east-1%2Fs3%2Faws4_request&X-Amz-Date=20240225T205250Z&X-Amz-Expires=604800&X-Amz-Signature=7b214532a9aa0f2e64eeda231944743f0e3aa781ba473a17859c77cd63899c27&X-Amz-SignedHeaders=host&x-id=GetObject
Service Dept,Not Applicable,Not Applicable,018fec99-8a8f-4b02-921d-421a8792f4e9,b7f953ef-a8cb-4ba5-a173-88a44b144343,0783bf36-d65f-4bdc-9a2a-04a7ea7f316e,https://cdn.complyauto.com/safety/shared/safetyDataSheet/233ecabc-b9db-4ec6-baaa-393dfa672ea8.pdf
Parts dept,Not Applicable,Not Applicable,018fec99-8a8f-4b02-921d-421a8792f4e9,b7f953ef-a8cb-4ba5-a173-88a44b144343,d1610aba-5ca3-4b75-bb55-b06da3cd246f,https://cdn.complyauto.com/safety/shared/safetyDataSheet/b60105e8-d72d-4115-81b5-a99e73b0aa81.pdf
Parts dept,Not Applicable,Not Applicable,018fec99-8a8f-4b02-921d-421a8792f4e9,b7f953ef-a8cb-4ba5-a173-88a44b144343,e9289dd1-bf1d-46b2-a479-67edfbbfd47e,https://cdn.complyauto.com/safety/shared/safetyDataSheet/d6f913f0-b5de-4db1-bafd-b3d3bed73b66.pdf
Parts dept,Not Applicable,Not Applicable,018fec99-8a8f-4b02-921d-421a8792f4e9,b7f953ef-a8cb-4ba5-a173-88a44b144343,6fe0925c-9b88-48e6-b349-a8e0f6ff9099,https://cdn.complyauto.com/safety/shared/safetyDataSheet/d799d6d0-0f1a-4e0f-ad92-b9f8223318fc.pdf
Parts dept,Not Applicable,Not Applicable,018fec99-8a8f-4b02-921d-421a8792f4e9,b7f953ef-a8cb-4ba5-a173-88a44b144343,3bb161c9-f310-4882-b776-72bb735d2839,https://cdn.complyauto.com/safety/shared/safetyDataSheet/4837ef09-eb0a-4581-af01-00b12240735f.pdf
Parts dept,Not Applicable,Not Applicable,,,,